[{"model": "admin.logentry", "pk": 1, "fields": {"action_time": "2024-03-20T12:34:26.309Z", "user": 1, "content_type": 11, "object_id": "1", "object_repr": "Список '1 list' пользователя semyon", "action_flag": 1, "change_message": "[{\"added\": {}}]"}}, {"model": "admin.logentry", "pk": 2, "fields": {"action_time": "2024-03-20T12:34:36.154Z", "user": 1, "content_type": 11, "object_id": "2", "object_repr": "Список '2 list' пользователя semyon", "action_flag": 1, "change_message": "[{\"added\": {}}]"}}, {"model": "admin.logentry", "pk": 3, "fields": {"action_time": "2024-03-20T12:35:07.037Z", "user": 1, "content_type": 8, "object_id": "1", "object_repr": "Подарок 1 list 1 gift из списка '1 list'", "action_flag": 1, "change_message": "[{\"added\": {}}]"}}, {"model": "admin.logentry", "pk": 4, "fields": {"action_time": "2024-03-20T12:35:27.709Z", "user": 1, "content_type": 8, "object_id": "1", "object_repr": "Подарок 1 list 1 gift из списка '1 list'", "action_flag": 2, "change_message": "[{\"added\": {\"name\": \"gift links\", \"object\": \"1 list 1 gift | http://localhost:8000/api/v1/a\"}}, {\"added\": {\"name\": \"gift links\", \"object\": \"1 list 1 gift | http://localhost:8000/api/v1/a\"}}]"}}, {"model": "admin.logentry", "pk": 5, "fields": {"action_time": "2024-03-20T13:25:08.681Z", "user": 1, "content_type": 8, "object_id": "2", "object_repr": "Подарок 1 list 2 gift из списка '1 list'", "action_flag": 1, "change_message": "[{\"added\": {}}]"}}, {"model": "admin.logentry", "pk": 6, "fields": {"action_time": "2024-03-21T08:04:37.800Z", "user": 1, "content_type": 8, "object_id": "1", "object_repr": "Подарок 1 list 1 gift из списка '1 list'", "action_flag": 2, "change_message": "[{\"added\": {\"name\": \"gift images\", \"object\": \"1 list 1 gift\"}}]"}}, {"model": "admin.logentry", "pk": 7, "fields": {"action_time": "2024-03-21T15:45:51.814Z", "user": 1, "content_type": 11, "object_id": "3", "object_repr": "Список '2 user 1 list' пользователя string", "action_flag": 1, "change_message": "[{\"added\": {}}]"}}, {"model": "admin.logentry", "pk": 8, "fields": {"action_time": "2024-03-21T15:47:46.133Z", "user": 1, "content_type": 8, "object_id": "3", "object_repr": "Подарок 2 user 1 list 1 gift из списка '2 user 1 list'", "action_flag": 1, "change_message": "[{\"added\": {}}]"}}, {"model": "admin.logentry", "pk": 9, "fields": {"action_time": "2024-03-29T16:32:50.619Z", "user": 1, "content_type": 8, "object_id": "7", "object_repr": "Подарок 32й из списка '2 list'", "action_flag": 2, "change_message": "[{\"added\": {\"name\": \"gift images\", \"object\": \"32\\u0439\"}}]"}}, {"model": "admin.logentry", "pk": 10, "fields": {"action_time": "2024-03-29T16:34:19.199Z", "user": 1, "content_type": 8, "object_id": "4", "object_repr": "Подарок Первый подарок из списка 'Первый лист'", "action_flag": 2, "change_message": "[{\"added\": {\"name\": \"gift images\", \"object\": \"\\u041f\\u0435\\u0440\\u0432\\u044b\\u0439 \\u043f\\u043e\\u0434\\u0430\\u0440\\u043e\\u043a\"}}]"}}, {"model": "admin.logentry", "pk": 11, "fields": {"action_time": "2024-03-29T16:35:24.309Z", "user": 1, "content_type": 8, "object_id": "7", "object_repr": "Подарок 32й из списка '2 list'", "action_flag": 2, "change_message": "[{\"changed\": {\"fields\": [\"Description\", \"Min price\", \"Max price\"]}}]"}}, {"model": "admin.logentry", "pk": 12, "fields": {"action_time": "2024-03-31T09:28:10.939Z", "user": 1, "content_type": 11, "object_id": "1", "object_repr": "Список 'На новый год' пользователя semyon", "action_flag": 2, "change_message": "[{\"changed\": {\"fields\": [\"Name\"]}}]"}}, {"model": "admin.logentry", "pk": 13, "fields": {"action_time": "2024-03-31T10:06:22.976Z", "user": 1, "content_type": 11, "object_id": "2", "object_repr": "Список 'С пасхой!' пользователя semyon", "action_flag": 2, "change_message": "[{\"changed\": {\"fields\": [\"Name\"]}}]"}}, {"model": "admin.logentry", "pk": 14, "fields": {"action_time": "2024-03-31T10:06:48.860Z", "user": 1, "content_type": 11, "object_id": "5", "object_repr": "Список 'На 1 апреля' пользователя semyon", "action_flag": 2, "change_message": "[{\"changed\": {\"fields\": [\"Name\"]}}]"}}, {"model": "admin.logentry", "pk": 15, "fields": {"action_time": "2024-03-31T10:10:03.421Z", "user": 1, "content_type": 9, "object_id": "4", "object_repr": "Набор для выпекания кулича", "action_flag": 3, "change_message": ""}}, {"model": "admin.logentry", "pk": 16, "fields": {"action_time": "2024-03-31T10:14:11.528Z", "user": 1, "content_type": 8, "object_id": "18", "object_repr": "Подарок Шоколадные яйца из списка 'С пасхой!'", "action_flag": 2, "change_message": "[{\"added\": {\"name\": \"gift images\", \"object\": \"\\u0428\\u043e\\u043a\\u043e\\u043b\\u0430\\u0434\\u043d\\u044b\\u0435 \\u044f\\u0439\\u0446\\u0430\"}}]"}}, {"model": "admin.logentry", "pk": 17, "fields": {"action_time": "2024-03-31T10:15:09.165Z", "user": 1, "content_type": 8, "object_id": "5", "object_repr": "Подарок Набор для выпекания кулича из списка 'С пасхой!'", "action_flag": 2, "change_message": "[{\"added\": {\"name\": \"gift images\", \"object\": \"\\u041d\\u0430\\u0431\\u043e\\u0440 \\u0434\\u043b\\u044f \\u0432\\u044b\\u043f\\u0435\\u043a\\u0430\\u043d\\u0438\\u044f \\u043a\\u0443\\u043b\\u0438\\u0447\\u0430\"}}]"}}, {"model": "auth.permission", "pk": 1, "fields": {"name": "Can add log entry", "content_type": 1, "codename": "add_logentry"}}, {"model": "auth.permission", "pk": 2, "fields": {"name": "Can change log entry", "content_type": 1, "codename": "change_logentry"}}, {"model": "auth.permission", "pk": 3, "fields": {"name": "Can delete log entry", "content_type": 1, "codename": "delete_logentry"}}, {"model": "auth.permission", "pk": 4, "fields": {"name": "Can view log entry", "content_type": 1, "codename": "view_logentry"}}, {"model": "auth.permission", "pk": 5, "fields": {"name": "Can add permission", "content_type": 2, "codename": "add_permission"}}, {"model": "auth.permission", "pk": 6, "fields": {"name": "Can change permission", "content_type": 2, "codename": "change_permission"}}, {"model": "auth.permission", "pk": 7, "fields": {"name": "Can delete permission", "content_type": 2, "codename": "delete_permission"}}, {"model": "auth.permission", "pk": 8, "fields": {"name": "Can view permission", "content_type": 2, "codename": "view_permission"}}, {"model": "auth.permission", "pk": 9, "fields": {"name": "Can add group", "content_type": 3, "codename": "add_group"}}, {"model": "auth.permission", "pk": 10, "fields": {"name": "Can change group", "content_type": 3, "codename": "change_group"}}, {"model": "auth.permission", "pk": 11, "fields": {"name": "Can delete group", "content_type": 3, "codename": "delete_group"}}, {"model": "auth.permission", "pk": 12, "fields": {"name": "Can view group", "content_type": 3, "codename": "view_group"}}, {"model": "auth.permission", "pk": 13, "fields": {"name": "Can add content type", "content_type": 4, "codename": "add_contenttype"}}, {"model": "auth.permission", "pk": 14, "fields": {"name": "Can change content type", "content_type": 4, "codename": "change_contenttype"}}, {"model": "auth.permission", "pk": 15, "fields": {"name": "Can delete content type", "content_type": 4, "codename": "delete_contenttype"}}, {"model": "auth.permission", "pk": 16, "fields": {"name": "Can view content type", "content_type": 4, "codename": "view_contenttype"}}, {"model": "auth.permission", "pk": 17, "fields": {"name": "Can add session", "content_type": 5, "codename": "add_session"}}, {"model": "auth.permission", "pk": 18, "fields": {"name": "Can change session", "content_type": 5, "codename": "change_session"}}, {"model": "auth.permission", "pk": 19, "fields": {"name": "Can delete session", "content_type": 5, "codename": "delete_session"}}, {"model": "auth.permission", "pk": 20, "fields": {"name": "Can view session", "content_type": 5, "codename": "view_session"}}, {"model": "auth.permission", "pk": 21, "fields": {"name": "Can add event", "content_type": 6, "codename": "add_event"}}, {"model": "auth.permission", "pk": 22, "fields": {"name": "Can change event", "content_type": 6, "codename": "change_event"}}, {"model": "auth.permission", "pk": 23, "fields": {"name": "Can delete event", "content_type": 6, "codename": "delete_event"}}, {"model": "auth.permission", "pk": 24, "fields": {"name": "Can view event", "content_type": 6, "codename": "view_event"}}, {"model": "auth.permission", "pk": 25, "fields": {"name": "Can add booked gifts", "content_type": 7, "codename": "add_bookedgifts"}}, {"model": "auth.permission", "pk": 26, "fields": {"name": "Can change booked gifts", "content_type": 7, "codename": "change_bookedgifts"}}, {"model": "auth.permission", "pk": 27, "fields": {"name": "Can delete booked gifts", "content_type": 7, "codename": "delete_bookedgifts"}}, {"model": "auth.permission", "pk": 28, "fields": {"name": "Can view booked gifts", "content_type": 7, "codename": "view_bookedgifts"}}, {"model": "auth.permission", "pk": 29, "fields": {"name": "Can add gift", "content_type": 8, "codename": "add_gift"}}, {"model": "auth.permission", "pk": 30, "fields": {"name": "Can change gift", "content_type": 8, "codename": "change_gift"}}, {"model": "auth.permission", "pk": 31, "fields": {"name": "Can delete gift", "content_type": 8, "codename": "delete_gift"}}, {"model": "auth.permission", "pk": 32, "fields": {"name": "Can view gift", "content_type": 8, "codename": "view_gift"}}, {"model": "auth.permission", "pk": 33, "fields": {"name": "Can add gift images", "content_type": 9, "codename": "add_giftimages"}}, {"model": "auth.permission", "pk": 34, "fields": {"name": "Can change gift images", "content_type": 9, "codename": "change_giftimages"}}, {"model": "auth.permission", "pk": 35, "fields": {"name": "Can delete gift images", "content_type": 9, "codename": "delete_giftimages"}}, {"model": "auth.permission", "pk": 36, "fields": {"name": "Can view gift images", "content_type": 9, "codename": "view_giftimages"}}, {"model": "auth.permission", "pk": 37, "fields": {"name": "Can add gift links", "content_type": 10, "codename": "add_giftlinks"}}, {"model": "auth.permission", "pk": 38, "fields": {"name": "Can change gift links", "content_type": 10, "codename": "change_giftlinks"}}, {"model": "auth.permission", "pk": 39, "fields": {"name": "Can delete gift links", "content_type": 10, "codename": "delete_giftlinks"}}, {"model": "auth.permission", "pk": 40, "fields": {"name": "Can view gift links", "content_type": 10, "codename": "view_giftlinks"}}, {"model": "auth.permission", "pk": 41, "fields": {"name": "Can add presents list", "content_type": 11, "codename": "add_presentslist"}}, {"model": "auth.permission", "pk": 42, "fields": {"name": "Can change presents list", "content_type": 11, "codename": "change_presentslist"}}, {"model": "auth.permission", "pk": 43, "fields": {"name": "Can delete presents list", "content_type": 11, "codename": "delete_presentslist"}}, {"model": "auth.permission", "pk": 44, "fields": {"name": "Can view presents list", "content_type": 11, "codename": "view_presentslist"}}, {"model": "auth.permission", "pk": 45, "fields": {"name": "Can add user", "content_type": 12, "codename": "add_user"}}, {"model": "auth.permission", "pk": 46, "fields": {"name": "Can change user", "content_type": 12, "codename": "change_user"}}, {"model": "auth.permission", "pk": 47, "fields": {"name": "Can delete user", "content_type": 12, "codename": "delete_user"}}, {"model": "auth.permission", "pk": 48, "fields": {"name": "Can view user", "content_type": 12, "codename": "view_user"}}, {"model": "auth.permission", "pk": 49, "fields": {"name": "Can add friend", "content_type": 13, "codename": "add_friend"}}, {"model": "auth.permission", "pk": 50, "fields": {"name": "Can change friend", "content_type": 13, "codename": "change_friend"}}, {"model": "auth.permission", "pk": 51, "fields": {"name": "Can delete friend", "content_type": 13, "codename": "delete_friend"}}, {"model": "auth.permission", "pk": 52, "fields": {"name": "Can view friend", "content_type": 13, "codename": "view_friend"}}, {"model": "auth.permission", "pk": 53, "fields": {"name": "Can add Token", "content_type": 14, "codename": "add_token"}}, {"model": "auth.permission", "pk": 54, "fields": {"name": "Can change Token", "content_type": 14, "codename": "change_token"}}, {"model": "auth.permission", "pk": 55, "fields": {"name": "Can delete Token", "content_type": 14, "codename": "delete_token"}}, {"model": "auth.permission", "pk": 56, "fields": {"name": "Can view Token", "content_type": 14, "codename": "view_token"}}, {"model": "auth.permission", "pk": 57, "fields": {"name": "Can add token", "content_type": 15, "codename": "add_tokenproxy"}}, {"model": "auth.permission", "pk": 58, "fields": {"name": "Can change token", "content_type": 15, "codename": "change_tokenproxy"}}, {"model": "auth.permission", "pk": 59, "fields": {"name": "Can delete token", "content_type": 15, "codename": "delete_tokenproxy"}}, {"model": "auth.permission", "pk": 60, "fields": {"name": "Can view token", "content_type": 15, "codename": "view_tokenproxy"}}, {"model": "contenttypes.contenttype", "pk": 1, "fields": {"app_label": "admin", "model": "logentry"}}, {"model": "contenttypes.contenttype", "pk": 2, "fields": {"app_label": "auth", "model": "permission"}}, {"model": "contenttypes.contenttype", "pk": 3, "fields": {"app_label": "auth", "model": "group"}}, {"model": "contenttypes.contenttype", "pk": 4, "fields": {"app_label": "contenttypes", "model": "contenttype"}}, {"model": "contenttypes.contenttype", "pk": 5, "fields": {"app_label": "sessions", "model": "session"}}, {"model": "contenttypes.contenttype", "pk": 6, "fields": {"app_label": "events", "model": "event"}}, {"model": "contenttypes.contenttype", "pk": 7, "fields": {"app_label": "presents", "model": "bookedgifts"}}, {"model": "contenttypes.contenttype", "pk": 8, "fields": {"app_label": "presents", "model": "gift"}}, {"model": "contenttypes.contenttype", "pk": 9, "fields": {"app_label": "presents", "model": "giftimages"}}, {"model": "contenttypes.contenttype", "pk": 10, "fields": {"app_label": "presents", "model": "giftlinks"}}, {"model": "contenttypes.contenttype", "pk": 11, "fields": {"app_label": "presents", "model": "presentslist"}}, {"model": "contenttypes.contenttype", "pk": 12, "fields": {"app_label": "users", "model": "user"}}, {"model": "contenttypes.contenttype", "pk": 13, "fields": {"app_label": "users", "model": "friend"}}, {"model": "contenttypes.contenttype", "pk": 14, "fields": {"app_label": "authtoken", "model": "token"}}, {"model": "contenttypes.contenttype", "pk": 15, "fields": {"app_label": "authtoken", "model": "tokenproxy"}}, {"model": "sessions.session", "pk": "nsu55f8wsrobbjgote4ilt3qk26mem85", "fields": {"session_data": ".eJxVjDsOwyAQBe9CHSHDYj4p0_sMaIElOIlAMnYV5e6xJRdJ-2bmvZnHbS1-67T4ObErE-zyuwWMT6oHSA-s98Zjq-syB34o_KSdTy3R63a6fwcFe9lrrY1zGUftrEYiikIMyhkACXI0CgZrnKUsM0JCvSOw6GyCSDFAlop9vr1XNzM:1rpp86:_ChvUgq5egDTvjranhDQ0jvVxBrFl3LpI92u-TLg6dg", "expire_date": "2024-04-11T12:45:14.691Z"}}, {"model": "sessions.session", "pk": "rcrqg7st2rf0m0vnv8otw54u6r8gy08z", "fields": {"session_data": ".eJxVjDsOwyAQBe9CHSHDYj4p0_sMaIElOIlAMnYV5e6xJRdJ-2bmvZnHbS1-67T4ObErE-zyuwWMT6oHSA-s98Zjq-syB34o_KSdTy3R63a6fwcFe9lrrY1zGUftrEYiikIMyhkACXI0CgZrnKUsM0JCvSOw6GyCSDFAlop9vr1XNzM:1rmuyD:-ygIHP3BC3EJ19QwkZFDIN17X9MN4JfbCfpoO9uFI5k", "expire_date": "2024-04-03T12:23:01.449Z"}}, {"model": "sessions.session", "pk": "y47ouxf9b0jcnjuouywpcak39bev785a", "fields": {"session_data": ".eJxVjDsOwyAQBe9CHSHDYj4p0_sMaIElOIlAMnYV5e6xJRdJ-2bmvZnHbS1-67T4ObErE-zyuwWMT6oHSA-s98Zjq-syB34o_KSdTy3R63a6fwcFe9lrrY1zGUftrEYiikIMyhkACXI0CgZrnKUsM0JCvSOw6GyCSDFAlop9vr1XNzM:1rqEqR:uwZpqEBZU1doQDNpdMkgtzHCnHPmDBMy6k2WIF0JDEc", "expire_date": "2024-04-12T16:12:43.262Z"}}, {"model": "sessions.session", "pk": "ye7tlxdehvqsyqzk6cmnjul1qm212f53", "fields": {"session_data": ".eJxVjDsOwyAQBe9CHSHDYj4p0_sMaIElOIlAMnYV5e6xJRdJ-2bmvZnHbS1-67T4ObErE-zyuwWMT6oHSA-s98Zjq-syB34o_KSdTy3R63a6fwcFe9lrrY1zGUftrEYiikIMyhkACXI0CgZrnKUsM0JCvSOw6GyCSDFAlop9vr1XNzM:1rmvvt:au_BbOFPurTrZb4IZreBPCwJ5PUg15rEe_bPnEvrbfY", "expire_date": "2024-04-03T13:24:41.195Z"}}, {"model": "presents.presentslist", "pk": 1, "fields": {"created_at": "2024-03-20T12:34:26.308Z", "updated_at": "2024-03-31T09:28:10.936Z", "name": "На новый год", "date": "2024-03-20", "description": "list", "user": 1}}, {"model": "presents.presentslist", "pk": 2, "fields": {"created_at": "2024-03-20T12:34:36.154Z", "updated_at": "2024-03-31T10:06:22.973Z", "name": "С пасхой!", "date": "2024-03-20", "description": "2 list", "user": 1}}, {"model": "presents.presentslist", "pk": 3, "fields": {"created_at": "2024-03-21T15:45:51.813Z", "updated_at": "2024-03-21T15:45:51.813Z", "name": "2 user 1 list", "date": "2024-03-21", "description": "у32йу", "user": 2}}, {"model": "presents.presentslist", "pk": 4, "fields": {"created_at": "2024-03-28T14:12:17.136Z", "updated_at": "2024-03-28T14:12:17.136Z", "name": "Первый лист", "date": "2024-03-23", "description": "description", "user": 4}}, {"model": "presents.presentslist", "pk": 5, "fields": {"created_at": "2024-03-29T16:38:42.811Z", "updated_at": "2024-03-31T10:06:48.858Z", "name": "На 1 апреля", "date": "2024-03-23", "description": "description", "user": 1}}, {"model": "presents.presentslist", "pk": 7, "fields": {"created_at": "2024-03-31T09:05:55.545Z", "updated_at": "2024-03-31T09:05:55.545Z", "name": "День рождения кошки", "date": "2024-01-01", "description": "она будет рада подаркам!", "user": 6}}, {"model": "presents.gift", "pk": 1, "fields": {"created_at": "2024-03-20T12:35:07.036Z", "updated_at": "2024-03-21T08:04:37.797Z", "name": "1 list 1 gift", "description": "1 list 1 gift", "min_price": 11, "max_price": 12, "booked": false, "list": 1}}, {"model": "presents.gift", "pk": 2, "fields": {"created_at": "2024-03-20T13:25:08.680Z", "updated_at": "2024-03-20T13:25:08.680Z", "name": "1 list 2 gift", "description": "1 list 2 gift", "min_price": 1, "max_price": 2, "booked": false, "list": 1}}, {"model": "presents.gift", "pk": 3, "fields": {"created_at": "2024-03-21T15:47:46.132Z", "updated_at": "2024-03-21T15:47:46.132Z", "name": "2 user 1 list 1 gift", "description": "2 user 1 list 1 gift", "min_price": 12, "max_price": 12, "booked": false, "list": 3}}, {"model": "presents.gift", "pk": 4, "fields": {"created_at": "2024-03-28T14:13:03.985Z", "updated_at": "2024-03-29T16:34:19.193Z", "name": "Первый подарок", "description": "Хз", "min_price": 100, "max_price": 200, "booked": true, "list": 4}}, {"model": "presents.gift", "pk": 5, "fields": {"created_at": "2024-03-29T06:43:31.592Z", "updated_at": "2024-03-31T10:44:35.142Z", "name": "Набор для выпекания кулича", "description": "", "min_price": 300, "max_price": 500, "booked": true, "list": 2}}, {"model": "presents.gift", "pk": 8, "fields": {"created_at": "2024-03-29T06:52:23.610Z", "updated_at": "2024-03-29T16:09:59.544Z", "name": "Ещё один", "description": "", "min_price": null, "max_price": null, "booked": false, "list": 1}}, {"model": "presents.gift", "pk": 9, "fields": {"created_at": "2024-03-29T16:10:24.995Z", "updated_at": "2024-03-29T16:10:24.995Z", "name": "121", "description": "", "min_price": null, "max_price": null, "booked": false, "list": 1}}, {"model": "presents.gift", "pk": 10, "fields": {"created_at": "2024-03-29T16:10:37.878Z", "updated_at": "2024-03-29T16:10:37.878Z", "name": "121", "description": "", "min_price": null, "max_price": null, "booked": false, "list": 1}}, {"model": "presents.gift", "pk": 11, "fields": {"created_at": "2024-03-29T16:10:39.902Z", "updated_at": "2024-03-29T16:10:39.902Z", "name": "121", "description": "", "min_price": null, "max_price": null, "booked": false, "list": 1}}, {"model": "presents.gift", "pk": 12, "fields": {"created_at": "2024-03-29T16:11:45.348Z", "updated_at": "2024-03-29T16:11:45.348Z", "name": "23", "description": "", "min_price": null, "max_price": null, "booked": false, "list": 1}}, {"model": "presents.gift", "pk": 13, "fields": {"created_at": "2024-03-29T16:37:43.006Z", "updated_at": "2024-03-31T10:48:15.741Z", "name": "отчет по групповому", "description": "напишите пожалуйтса", "min_price": 1500000, "max_price": null, "booked": true, "list": 2}}, {"model": "presents.gift", "pk": 14, "fields": {"created_at": "2024-03-30T15:07:59.806Z", "updated_at": "2024-03-30T15:07:59.806Z", "name": "Пожарок 2", "description": "", "min_price": null, "max_price": null, "booked": false, "list": 4}}, {"model": "presents.gift", "pk": 15, "fields": {"created_at": "2024-03-31T09:14:29.556Z", "updated_at": "2024-03-31T09:20:30.452Z", "name": "Шарик с кошачьей мятой 🐈🌱", "description": "", "min_price": 30, "max_price": 350, "booked": false, "list": 7}}, {"model": "presents.gift", "pk": 17, "fields": {"created_at": "2024-03-31T09:29:24.754Z", "updated_at": "2024-03-31T09:29:24.754Z", "name": "Когтеточка", "description": "когтеточка для кошечки", "min_price": null, "max_price": null, "booked": false, "list": 1}}, {"model": "presents.gift", "pk": 18, "fields": {"created_at": "2024-03-31T10:13:32.875Z", "updated_at": "2024-03-31T10:45:51.714Z", "name": "Шоколадные яйца", "description": "Для сладкого праздника", "min_price": null, "max_price": null, "booked": false, "list": 2}}, {"model": "presents.giftlinks", "pk": 1, "fields": {"created_at": "2024-03-20T12:35:27.708Z", "updated_at": "2024-03-20T12:35:27.708Z", "gift": 1, "link": "http://localhost:8000/api/v1/admin/presents/gift/1/change/"}}, {"model": "presents.giftlinks", "pk": 2, "fields": {"created_at": "2024-03-20T12:35:27.709Z", "updated_at": "2024-03-20T12:35:27.709Z", "gift": 1, "link": "http://localhost:8000/api/v1/admin/presents/gift/1/change/"}}, {"model": "presents.giftlinks", "pk": 3, "fields": {"created_at": "2024-03-28T14:13:03.998Z", "updated_at": "2024-03-28T14:13:03.998Z", "gift": 4, "link": "http://localhost:8000/api/v1/admin/presents/gift/"}}, {"model": "presents.giftlinks", "pk": 4, "fields": {"created_at": "2024-03-29T06:43:31.600Z", "updated_at": "2024-03-31T10:14:54.880Z", "gift": 5, "link": "https://www.wildberries.ru/catalog/11108721/detail.aspx"}}, {"model": "presents.giftlinks", "pk": 7, "fields": {"created_at": "2024-03-29T16:37:43.013Z", "updated_at": "2024-03-29T16:37:43.013Z", "gift": 13, "link": "https://docs.google.com/document/d/195IPKJRntMEAZjgo81TAjIapkbeh3biL38Fsyl3tcX0/edit"}}, {"model": "presents.giftlinks", "pk": 8, "fields": {"created_at": "2024-03-31T09:14:29.564Z", "updated_at": "2024-03-31T09:20:30.459Z", "gift": 15, "link": "https://www.wildberries.ru/catalog/159179146/detail.aspx"}}, {"model": "presents.giftlinks", "pk": 10, "fields": {"created_at": "2024-03-31T10:13:32.889Z", "updated_at": "2024-03-31T10:13:32.889Z", "gift": 18, "link": "https://market.yandex.ru/product--konditerskoe-izdelie-kurochka-nabor-120-g-10322052/54014268?sponsored=1&sku=102691491628&do-waremd5=e4sIWCxaycSZ7XzRoDZlCQ&uniqueId=920333"}}, {"model": "presents.giftimages", "pk": 2, "fields": {"created_at": "2024-03-21T08:04:37.798Z", "updated_at": "2024-03-21T08:04:37.798Z", "gift": 1, "image": "scan1_aFVUXFq.jpg"}}, {"model": "presents.giftimages", "pk": 3, "fields": {"created_at": "2024-03-28T14:13:04.456Z", "updated_at": "2024-03-28T14:13:04.456Z", "gift": 4, "image": "images/3F3F3F3F3F3F3F.webp"}}, {"model": "presents.giftimages", "pk": 7, "fields": {"created_at": "2024-03-29T16:10:25.879Z", "updated_at": "2024-03-29T16:10:25.879Z", "gift": 9, "image": "images/pexels-jakub-novacek-924824.jpg"}}, {"model": "presents.giftimages", "pk": 8, "fields": {"created_at": "2024-03-29T16:10:38.658Z", "updated_at": "2024-03-29T16:10:38.658Z", "gift": 10, "image": "images/pexels-jakub-novacek-924824_hAIUW2R.jpg"}}, {"model": "presents.giftimages", "pk": 9, "fields": {"created_at": "2024-03-29T16:10:40.287Z", "updated_at": "2024-03-29T16:10:40.287Z", "gift": 11, "image": "images/pexels-jakub-novacek-924824_4WKg0to.jpg"}}, {"model": "presents.giftimages", "pk": 10, "fields": {"created_at": "2024-03-29T16:11:46.161Z", "updated_at": "2024-03-29T16:11:46.161Z", "gift": 12, "image": "images/pexels-jakub-novacek-924824_ebIXkcI.jpg"}}, {"model": "presents.giftimages", "pk": 12, "fields": {"created_at": "2024-03-29T16:34:19.195Z", "updated_at": "2024-03-29T16:34:19.195Z", "gift": 4, "image": "images/pexels-jakub-novacek-924824_IzEItvq.jpg"}}, {"model": "presents.giftimages", "pk": 13, "fields": {"created_at": "2024-03-31T10:14:11.524Z", "updated_at": "2024-03-31T10:14:11.524Z", "gift": 18, "image": "images/600x800.webp"}}, {"model": "presents.giftimages", "pk": 14, "fields": {"created_at": "2024-03-31T10:15:09.161Z", "updated_at": "2024-03-31T10:15:09.161Z", "gift": 5, "image": "images/1.webp"}}, {"model": "presents.bookedgifts", "pk": 2, "fields": {"created_at": "2024-03-29T06:54:24.205Z", "updated_at": "2024-03-29T06:54:24.205Z", "gift": 4, "user": 1}}, {"model": "presents.bookedgifts", "pk": 6, "fields": {"created_at": "2024-03-31T10:44:35.137Z", "updated_at": "2024-03-31T10:44:35.137Z", "gift": 5, "user": 2}}, {"model": "presents.bookedgifts", "pk": 7, "fields": {"created_at": "2024-03-31T10:48:15.737Z", "updated_at": "2024-03-31T10:48:15.737Z", "gift": 13, "user": 6}}, {"model": "users.user", "pk": 1, "fields": {"password": "pbkdf2_sha256$600000$KIaplZZ750TXNGWgNNhrJo$di6ZfNSFaC+gBrXnHOg5tOV34ZIS7JABz7NUqFC/njQ=", "last_login": "2024-03-20T13:24:41.192Z", "is_superuser": true, "username": "semyon", "first_name": "Semyon", "last_name": "Lukin", "email": "", "is_staff": true, "is_active": true, "date_joined": "2024-03-20T12:22:57.066Z", "created_at": "2024-03-20T12:22:57.211Z", "updated_at": "2024-03-20T12:22:57.211Z", "birth_date": "2002-06-13", "groups": [], "user_permissions": []}}, {"model": "users.user", "pk": 2, "fields": {"password": "pbkdf2_sha256$600000$KoX4BUajMJ66643ogOHGE6$6CZduNMB5912hC9s1yZZ8dAuhx0EyghJ30j3iNweDaE=", "last_login": "2024-03-20T13:17:22.217Z", "is_superuser": false, "username": "string", "first_name": "string", "last_name": "string", "email": "user@example.com", "is_staff": false, "is_active": true, "date_joined": "2024-03-20T13:16:46.090Z", "created_at": "2024-03-20T13:16:46.232Z", "updated_at": "2024-03-20T13:16:46.232Z", "birth_date": "2024-03-20", "groups": [], "user_permissions": []}}, {"model": "users.user", "pk": 3, "fields": {"password": "pbkdf2_sha256$600000$qX9VFNfOb4huz747q9sRfG$FLgzi3WMsd651bGXwl4mXtNEAdSp6b3bw6U1HOTU/Aw=", "last_login": null, "is_superuser": false, "username": "13string", "first_name": "string", "last_name": "string", "email": "user@example.com", "is_staff": false, "is_active": true, "date_joined": "2024-03-21T11:54:36.532Z", "created_at": "2024-03-21T11:54:36.672Z", "updated_at": "2024-03-21T11:54:36.673Z", "birth_date": "2024-03-20", "groups": [], "user_permissions": []}}, {"model": "users.user", "pk": 4, "fields": {"password": "pbkdf2_sha256$600000$f48rAqvxUwYYt5q4VUStU1$T8g2EQzEj5JthRzO4HRBEf6HCWlfJLISkHeiLVzOBzQ=", "last_login": null, "is_superuser": false, "username": "aroot", "first_name": "Юрий", "last_name": "Катаев", "email": "kataev@mail.ru", "is_staff": false, "is_active": true, "date_joined": "2024-03-28T14:10:08.716Z", "created_at": "2024-03-28T14:10:09.468Z", "updated_at": "2024-03-28T14:10:09.468Z", "birth_date": "2024-03-20", "groups": [], "user_permissions": []}}, {"model": "users.user", "pk": 5, "fields": {"password": "pbkdf2_sha256$600000$Vkysvu0kbdmLbTMHM2BPNo$3MRIwAuG6wABwqUyqlBj2FI5uY7gHthvsdv5t6NSG0s=", "last_login": null, "is_superuser": false, "username": "ued", "first_name": "Лекал", "last_name": "Болатов", "email": "edu@hse.ru", "is_staff": false, "is_active": true, "date_joined": "2024-03-31T08:39:47.741Z", "created_at": "2024-03-31T08:39:48.458Z", "updated_at": "2024-03-31T08:39:48.458Z", "birth_date": "2023-12-20", "groups": [], "user_permissions": []}}, {"model": "users.user", "pk": 6, "fields": {"password": "pbkdf2_sha256$600000$6I4JcXH8RaWCP3VJYHYCBU$0w5AdpR95g4TzmaWFwVoGjqMyn4G2/4Wq9qjfCzecgs=", "last_login": null, "is_superuser": false, "username": "darrr", "first_name": "Дарья", "last_name": "Проскурякова", "email": "dvproskuryakova@edu.hse.ru", "is_staff": false, "is_active": true, "date_joined": "2024-03-31T08:50:09.149Z", "created_at": "2024-03-31T08:50:09.846Z", "updated_at": "2024-03-31T08:50:09.846Z", "birth_date": "2000-01-01", "groups": [], "user_permissions": []}}, {"model": "users.friend", "pk": 1, "fields": {"user": 1, "friend": 4}}, {"model": "users.friend", "pk": 2, "fields": {"user": 4, "friend": 3}}, {"model": "users.friend", "pk": 3, "fields": {"user": 4, "friend": 2}}, {"model": "users.friend", "pk": 4, "fields": {"user": 5, "friend": 1}}, {"model": "users.friend", "pk": 5, "fields": {"user": 5, "friend": 1}}, {"model": "users.friend", "pk": 6, "fields": {"user": 6, "friend": 1}}, {"model": "users.friend", "pk": 7, "fields": {"user": 6, "friend": 1}}, {"model": "users.friend", "pk": 8, "fields": {"user": 2, "friend": 1}}, {"model": "authtoken.token", "pk": "6e815953e5a97ba5684f998065b6af7ac10ea30d", "fields": {"user": 2, "created": "2024-03-20T13:17:22.207Z"}}, {"model": "authtoken.token", "pk": "ffb030c2517662ba42ddb44afa5a483fc9da285f", "fields": {"user": 1, "created": "2024-03-20T13:12:22.045Z"}}]